Fiction,Fantasy,Biography,Graphic Novel,,,,,
Fiction,Science,,,,,,,
Poetry,Biography,Fantasy,Mystery,History,Non-Fiction,Fiction,Science,Cookbook
Mystery,Biography,Fantasy,History,Graphic Novel,,,,
Graphic Novel,History,Poetry,,,,,,
Graphic Novel,Fantasy,Poetry,Mystery,,,,,
Fiction,Biography,History,,,,,,
Graphic Novel,History,Poetry,,,,,,
Fiction,Science,,,,,,,
Fiction,Fantasy,Biography,Graphic Novel,,,,,
Fiction,Biography,,,,,,,
Fiction,Science,,,,,,,
Graphic Novel,Fantasy,Poetry,Mystery,,,,,
Non-Fiction,Fiction,Cookbook,History,Poetry,Fantasy,Biography,Mystery,
Non-Fiction,,,,,,,,
Mystery,Biography,Fantasy,History,Graphic Novel,,,,
Fantasy,History,Graphic Novel,,,,,,
Biography,Poetry,Fantasy,History,Fiction,,,,
Mystery,Cookbook,Fiction,Fantasy,History,Science,Non-Fiction,,
Fantasy,History,Graphic Novel,,,,,,
Fantasy,Mystery,Science,Cookbook,History,,,,
Biography,Poetry,Fantasy,History,Fiction,,,,
Mystery,Fantasy,Graphic Novel,Non-Fiction,Cookbook,Poetry,Fiction,History,Biography
Non-Fiction,Fiction,Cookbook,History,Poetry,Fantasy,Biography,Mystery,
Poetry,,,,,,,,
Fiction,Biography,History,,,,,,
Fantasy,Mystery,Science,Cookbook,History,,,,
History,,,,,,,,
Mystery,Biography,Fantasy,History,Graphic Novel,,,,
Fiction,Fantasy,Biography,Graphic Novel,,,,,
Non-Fiction,Fiction,Cookbook,History,Poetry,Fantasy,Biography,Mystery,
Fantasy,History,Graphic Novel,,,,,,
Mystery,Non-Fiction,History,Graphic Novel,Fantasy,Fiction,Biography,Science,
Fiction,Biography,,,,,,,
Graphic Novel,History,Poetry,,,,,,
Biography,Poetry,Fantasy,History,Fiction,,,,
Poetry,Cookbook,Science,Fantasy,Biography,,,,
Mystery,,,,,,,,
Mystery,Fantasy,Graphic Novel,Non-Fiction,Cookbook,Poetry,Fiction,History,Biography
Mystery,Biography,Fantasy,History,Graphic Novel,,,,
