Dress,Sweater,Scarf,Shirt,Pants,Jacket,Belt,Shoes,Hat,
Jacket,Pants,,,,,,,,
Jacket,Pants,,,,,,,,
Shoes,Dress,Scarf,Pants,,,,,,
Sweater,Shirt,Socks,Belt,Scarf,Jacket,Pants,Hat,Shoes,Dress
Jacket,Shirt,,,,,,,,
Shirt,Pants,Belt,Scarf,,,,,,
Shoes,Dress,Belt,Sweater,Hat,Pants,Jacket,Shirt,,
Hat,Shirt,Scarf,Socks,,,,,,
Shoes,Dress,Scarf,Pants,,,,,,
Hat,Shirt,Scarf,Socks,,,,,,
Hat,Shoes,Jacket,Dress,Socks,Scarf,,,,
Shoes,Dress,Belt,Sweater,Hat,Pants,Jacket,Shirt,,
Hat,Scarf,Dress,Socks,Sweater,Shirt,Shoes,Belt,Jacket,
Dress,Sweater,Scarf,Shirt,Pants,Jacket,Belt,Shoes,Hat,
Jacket,Shirt,,,,,,,,
Dress,Belt,Shoes,,,,,,,
Shirt,Dress,Hat,Belt,Shoes,Pants,Scarf,Socks,Jacket,
Belt,Jacket,Shoes,Socks,Scarf,Sweater,,,,
Jacket,Shirt,Dress,Socks,Pants,Sweater,Belt,Hat,Scarf,
Belt,Jacket,Shoes,Socks,Scarf,Sweater,,,,
Dress,Belt,Shoes,,,,,,,
Shoes,Dress,Scarf,Pants,,,,,,
Scarf,Socks,Shoes,Hat,Shirt,Pants,Jacket,Dress,Sweater,Belt
Socks,Pants,Shirt,Hat,Shoes,Sweater,Jacket,Dress,,
Scarf,Socks,Shoes,Hat,Shirt,Pants,Jacket,Dress,Sweater,Belt
Shoes,Dress,Scarf,Pants,,,,,,
Shirt,Pants,Belt,Scarf,,,,,,
Belt,Shoes,Shirt,Scarf,Pants,Sweater,,,,
Hat,Scarf,Dress,Socks,Sweater,Shirt,Shoes,Belt,Jacket,
Scarf,Socks,Shoes,Hat,Shirt,Pants,Jacket,Dress,Sweater,Belt
Hat,Pants,Shoes,Belt,,,,,,
Shirt,Pants,Belt,Scarf,,,,,,
Hat,Shoes,Jacket,Dress,Socks,Scarf,,,,
Hat,Scarf,Dress,Socks,Sweater,Shirt,Shoes,Belt,Jacket,
Shirt,Pants,Belt,Scarf,,,,,,
Shoes,Dress,Scarf,Pants,,,,,,
Jacket,Shoes,Hat,Pants,Scarf,Sweater,Socks,Dress,Belt,
Pants,Shoes,Belt,Jacket,Hat,Socks,Dress,Sweater,,
Scarf,Socks,Shoes,Hat,Shirt,Pants,Jacket,Dress,Sweater,Belt
