Charger,Laptop,Camera,Headphones,Keyboard,Monitor,Mouse,Smartphone,,
Charger,Laptop,Monitor,Keyboard,Camera,Smartphone,Headphones,Mouse,,
Smartphone,Keyboard,Charger,Smartwatch,Camera,Speaker,Headphones,Mouse,Laptop,Monitor
Smartphone,Keyboard,Charger,Smartwatch,Camera,Speaker,Headphones,Mouse,Laptop,Monitor
Charger,Laptop,Monitor,Keyboard,Camera,Smartphone,Headphones,Mouse,,
Speaker,,,,,,,,,
Keyboard,Mouse,Smartphone,Laptop,Camera,Charger,Smartwatch,Speaker,,
Headphones,Smartwatch,Monitor,,,,,,,
Monitor,Headphones,Mouse,Smartphone,Laptop,,,,,
Smartphone,Headphones,Smartwatch,Monitor,Keyboard,Mouse,,,,
Headphones,Smartwatch,Monitor,,,,,,,
Smartwatch,Smartphone,Charger,,,,,,,
Speaker,Charger,Smartphone,Smartwatch,Keyboard,Monitor,Headphones,Laptop,,
Camera,Laptop,Headphones,Keyboard,Smartwatch,Monitor,Charger,Speaker,Smartphone,
Charger,Laptop,Monitor,Keyboard,Camera,Smartphone,Headphones,Mouse,,
Smartphone,Keyboard,Charger,Smartwatch,Camera,Speaker,Headphones,Mouse,Laptop,Monitor
Camera,Laptop,Headphones,Keyboard,Smartwatch,Monitor,Charger,Speaker,Smartphone,
Charger,Laptop,Monitor,Keyboard,Camera,Smartphone,Headphones,Mouse,,
Charger,Laptop,Monitor,Keyboard,Camera,Smartphone,Headphones,Mouse,,
Monitor,Headphones,Mouse,Smartphone,Laptop,,,,,
Speaker,Charger,Smartphone,Smartwatch,Keyboard,Monitor,Headphones,Laptop,,
Speaker,,,,,,,,,
Laptop,,,,,,,,,
Speaker,Charger,Smartphone,Smartwatch,Keyboard,Monitor,Headphones,Laptop,,
Smartphone,Headphones,Smartwatch,Monitor,Keyboard,Mouse,,,,
Speaker,Charger,Smartphone,Smartwatch,Keyboard,Monitor,Headphones,Laptop,,
Smartphone,Keyboard,Charger,Smartwatch,Camera,Speaker,Headphones,Mouse,Laptop,Monitor
Keyboard,Smartwatch,Smartphone,,,,,,,
Speaker,Smartphone,Laptop,Headphones,Monitor,,,,,
Monitor,Laptop,Speaker,Camera,Smartphone,Charger,Keyboard,,,
Headphones,Smartwatch,Keyboard,Smartphone,Speaker,Mouse,Camera,Laptop,Charger,
Headphones,Smartwatch,Keyboard,Smartphone,Speaker,Mouse,Camera,Laptop,Charger,
Mouse,,,,,,,,,
Speaker,Laptop,Camera,Headphones,Monitor,Keyboard,Mouse,Smartwatch,,
Keyboard,Mouse,Smartphone,Laptop,Camera,Charger,Smartwatch,Speaker,,
Keyboard,,,,,,,,,
Keyboard,,,,,,,,,
Speaker,Laptop,Camera,Headphones,Monitor,Keyboard,Mouse,Smartwatch,,
Smartphone,Headphones,Smartwatch,Monitor,Keyboard,Mouse,,,,
Mouse,Camera,,,,,,,,
